Portfolio #,ID,Gender,Date_of_birth,city,county,postcode,original_sum,duedate,current balance,principal,interest,fee 1,fee 2,fee 3,fee 4,apr,interest_per_day,total_paid
2,1,Male,20/11/1997,San cristóbal de la laguna,Santa Cruz de Tenerife,38205,370,12/08/2023,738.63,370,92.5,89.91,0,239.13,37,300.00%,0.82%,1.37
1,1,Male,20/08/1973,Montcada,Valencia,46113,1000,23/12/2023,2169.89,1000,250,243,0,830,89.89,300.00%,0.82%,185.11
2,2,Female,08/11/1982,REUS,Tarragona,43205,600,16/08/2023,1176,600,150,145.8,0,366,60,300.00%,0.82%,0
1,2,Male,06/06/1992,Picassent,Valencia,46220,100,01/01/2024,221.67,100,4.67,24.3,0,100,17,240.17%,0.66%,0
2,3,Male,19/08/1993,Castellón de la plana,Castellón,12006,100,15/08/2023,188.23,100,14.16,24.3,6.67,62,5.4,299.95%,0.82%,4.6
1,3,Female,11/10/1960,Coslada,Madrid,28822,300,31/12/2023,693.3,300,51,72.9,0,282.3,60,204.00%,0.56%,0
2,4,Female,21/10/1971,Barcelona,8,8031,500,06/08/2023,989.02,500,112.5,121.5,0,355,21.52,300.00%,0.82%,42
1,4,Female,10/11/1976,Alicante,Alicante,3003,1000,31/12/2023,2171,1000,126,243,74,801,170,240.00%,0.66%,0
2,5,Female,26/05/1964,Valladolid,Valladolid,47001,1000,11/08/2023,2010,1000,185,243,65,660,100,300.00%,0.82%,702
1,5,Female,13/07/1993,Santa margarita de montbui,Barcelona,8710,100,13/01/2024,237,100,17,24.3,0,100,20,204.00%,0.56%,0
2,6,Male,15/09/1993,ARRIATE,Málaga,29350,60,12/08/2023,109.55,60,10.55,14.58,0,39,0,300.00%,0.82%,43.21
1,6,Female,19/12/1996,Granadilla,Santa Cruz de Tenerife,38611,350,01/01/2024,781.54,350,61.17,85.05,0,319.35,51.02,252.69%,0.69%,13.77
2,7,Male,28/07/1960,Valencia,Valencia,46910,1000,13/08/2023,1990,1000,250,243,0,640,100,300.00%,0.82%,545.61
1,7,Male,28/05/1997,Móstoles,Madrid,28934,360,02/01/2024,803.53,360,68.78,87.48,0,326.76,47.99,245.64%,0.67%,23.73
2,8,Male,16/09/1972,Torrejón de velasco,Madrid,28990,1000,10/08/2023,1923.05,1000,162.5,243,0,670,90.55,300.00%,0.82%,419.72
1,8,Male,05/09/1968,Barcelona,Barcelona,8041,900,05/01/2024,1892.58,900,130.68,218.7,0,726.9,135,264.00%,0.72%,768.69
2,9,Female,18/06/1987,Tacoronte,Santa Cruz de Tenerife,38350,150,07/08/2023,306.46,150,37.5,36.45,0,105,13.96,300.00%,0.82%,105.4
1,9,Female,10/09/1969,Sant esteve sesrovires,Barcelona,8635,600,02/01/2024,1292.28,600,97.68,145.8,0,504.6,90,264.00%,0.72%,175.29
2,10,Male,04/02/1986,Arganda del rey,Madrid,28500,150,06/08/2023,229.97,150,4.97,36.45,0,75,0,300.00%,0.82%,223.03
1,10,Female,20/01/1991,Valladolid va,Valladolid,47004,300,29/12/2023,624.3,300,66,72.9,0,213.3,45,264.00%,0.72%,10.18
2,11,Female,10/11/1995,O barco de valdeorras,Orense,32300,100,16/08/2023,220.13,100,5.13,24.3,0,100,15,263.83%,0.72%,0
1,11,Female,09/05/1985,Albaida,Valencia,46860,300,11/01/2024,693.3,300,51,72.9,0,282.3,60,204.00%,0.56%,0
2,12,Male,17/11/1998,Almería,Almería,4130,100,15/08/2023,220.13,100,5.13,24.3,0,100,15,263.83%,0.72%,0
1,12,Male,19/11/1974,Illescas,Toledo,45200,1000,02/01/2024,2147.84,1000,200,243,0,801,146.84,240.00%,0.66%,128.16
2,13,Female,08/06/1990,Málaga,Málaga,29011,50,15/08/2023,110.72,50,2.57,12.15,0,50.65,7.5,264.34%,0.72%,0
1,13,Female,08/07/1986,Villena,Alicante,3400,450,08/01/2024,959.42,450,49.5,109.35,0,393.45,66.47,240.00%,0.66%,115.33
2,14,Male,29/03/1986,Madrid,Madrid,28022,100,13/08/2023,221.6,100,6.6,24.3,0,100,15,264.00%,0.72%,0
1,14,Female,27/08/1980,San pedro alcantara,Málaga,29670,300,14/01/2024,693.3,300,51,72.9,0,282.3,60,204.00%,0.56%,0
2,15,Male,29/01/1978,Las palmas,Las Palmas,35013,300,12/08/2023,653.7,300,26.4,72.9,0,282.3,45,264.00%,0.72%,0
1,15,Male,02/11/1963,Fuente obejuna,Córdoba,14290,300,12/01/2024,657.3,300,24,72.9,0,282.3,51,240.00%,0.66%,0
2,16,Male,28/11/1992,Madrid,Madrid,28029,100,14/08/2023,226,100,11,24.3,0,100,15,264.00%,0.72%,0
1,16,Male,23/09/1971,San fernando de henares,Madrid,28830,300,04/01/2024,693.3,300,51,72.9,0,282.3,60,204.00%,0.56%,0
2,17,Female,09/03/1999,Madrid,Madrid,28041,100,08/08/2023,221.6,100,6.6,24.3,0,100,15,264.00%,0.72%,0
1,17,Male,22/12/1982,Mairena del aljarafe,Sevilla,41927,700,02/01/2024,1537.7,700,126,170.1,14,578.7,119,240.00%,0.66%,2.36
2,18,Female,03/04/1997,Sorauren,Navarra,31194,120,07/08/2023,264.16,120,6.16,29.16,0,120,18,264.00%,0.72%,0
1,18,Female,08/09/1999,Reus,Tarragona,43204,300,06/01/2024,693.3,300,51,72.9,0,282.3,60,204.00%,0.56%,0
2,19,Male,12/05/1981,Barcelona,Barcelona,8001,70,07/08/2023,157.57,70,6.16,17.01,0,70.91,10.5,264.00%,0.72%,0
1,19,Male,21/04/1980,Tolosa,Barcelona,20400,300,31/12/2023,687.3,300,75,72.9,0,282.3,30,300.00%,0.82%,1152.25
2,20,Female,12/06/2002,Aviles,Asturias,33460,70,03/08/2023,155.51,70,4.1,17.01,0,70.91,10.5,263.57%,0.72%,0
1,20,Female,11/11/1993,Madrid,Madrid,28038,580,06/01/2024,1228.32,580,84.82,140.94,0,489.78,73.72,205.24%,0.56%,160.6
2,21,Female,29/08/1975,Vall d'uxo,Castellón,12600,100,12/08/2023,225.58,100,11,24.3,0,99.58,15,264.00%,0.72%,0.42
1,21,Male,04/02/1988,Santander,Cantabria,49008,300,12/01/2024,693.3,300,51,72.9,0,282.3,60,204.00%,0.56%,0
2,22,Male,27/08/1998,Zaragoza,Zaragoza,50017,100,11/08/2023,226,100,11,24.3,0,100,15,264.00%,0.72%,0
1,22,Male,06/09/1988,Cieza,Murcia,30530,100,14/01/2024,237,100,17,24.3,0,100,20,204.00%,0.56%,0
2,23,Male,13/02/1985,Valencia,Valencia,46021,100,11/08/2023,229.66,100,14.66,24.3,0,100,15,263.88%,0.72%,0
1,23,Male,04/02/1997,Madrid,Madrid,28081,500,02/01/2024,1115.5,500,110,121.5,0,430.5,75,264.00%,0.72%,9.75
2,24,Male,19/08/1993,Castellón de la plana,Castellón,12006,100,16/08/2023,233.33,100,18.33,24.3,0,100,15,263.95%,0.72%,0
1,24,Female,15/04/1980,Riba-roja de turia (riba-roja de turia),Valencia,46190,500,02/01/2024,1110.37,500,100,121.5,0,430.5,79.87,240.00%,0.66%,15.28
2,25,Male,13/02/1985,Villanueva del arzobispo,Jaén,23330,200,04/08/2023,452,200,22,48.6,0,200,30,264.00%,0.72%,0
1,25,Male,11/07/1989,Madrid,Madrid,28053,300,07/01/2024,693.3,300,51,72.9,0,282.3,60,204.00%,0.56%,0
2,26,Male,15/11/1977,Alcorcón,Madrid,28922,300,09/08/2023,636.96,300,22,72.9,0,282.3,32.66,264.00%,0.72%,64.84
1,26,Male,25/11/1973,Felanitx,Islas Baleares,7200,400,03/01/2024,882.57,400,80,97.2,0,356.4,46.17,240.00%,0.66%,23.27
2,27,Female,23/06/1985,A coruña,La Coruña,15679,100,04/08/2023,226,100,11,24.3,0,100,15,264.00%,0.72%,0
1,27,Male,28/07/1981,Jaca,Huesca,22700,500,03/01/2024,1082.71,500,62.34,121.5,0,435.37,85,149.62%,0.41%,4.86
2,28,Female,02/01/1975,Sant feliu de llobregat,Barcelona,8980,710,14/08/2023,1554.85,710,152.24,172.53,0,586.11,106.5,257.31%,0.70%,0
1,28,Female,14/12/2000,Madrid,Madrid,28039,300,05/01/2024,693.3,300,51,72.9,0,282.3,60,204.00%,0.56%,0
2,29,Female,01/10/1996,Madrid,León,28017,100,14/08/2023,237,100,22,24.3,0,100,15,264.00%,0.72%,0
1,29,Female,06/09/1956,Mostoles,Madrid,28935,300,09/01/2024,693.3,300,51,72.9,0,282.3,60,204.00%,0.56%,0
2,30,Male,26/10/1978,El catllar,Tarragona,43764,700,14/08/2023,1503.97,700,120.27,170.1,0,578.7,105,206.18%,0.56%,0
1,30,Male,28/07/1988,Alcarrs,Lérida,25180,300,05/01/2024,251.21,124.2,2.81,30.18,0,124.2,0,188.04%,0.52%,300
2,31,Male,15/07/1976,Barcelona,Barcelona,8004,300,14/08/2023,693.3,300,66,72.9,0,282.3,45,264.00%,0.72%,0
1,31,Female,22/09/1973,Álava,Álava,12004,300,08/01/2024,693.3,300,51,72.9,0,282.3,60,204.00%,0.56%,0
2,32,Female,03/03/1983,Madris,Madrid,28022,100,14/08/2023,237,100,22,24.3,0,100,15,264.00%,0.72%,0
1,32,Male,11/12/1993,Ponferrada,León,24400,300,23/12/2023,693.3,300,51,72.9,0,282.3,60,204.00%,0.56%,0
2,33,Female,07/02/2002,Barcelona,Barcelona,8032,100,14/08/2023,237,100,22,24.3,0,100,15,264.00%,0.72%,0
1,33,Female,18/10/1978,Costa del silencio,Santa Cruz de Tenerife,38630,300,30/12/2023,642.6,300,51,72.9,0,231.6,60,204.00%,0.56%,0
2,34,Male,12/08/1977,Alcalá de henares,Madrid,28801,300,15/08/2023,693.3,300,66,72.9,0,282.3,45,264.00%,0.72%,0
1,34,Female,17/06/1986,Parla,Madrid,28983,100,12/01/2024,237,100,17,24.3,0,100,20,204.00%,0.56%,0
2,35,Female,02/12/1988,Zaragoza,Zaragoza,50014,300,16/08/2023,693.3,300,66,72.9,0,282.3,45,264.00%,0.72%,0
1,35,Male,25/02/1987,Olot,Gerona,17800,300,13/01/2024,693.3,300,66,72.9,0,282.3,45,264.00%,0.72%,1.5
2,36,Male,11/03/1987,Velilla del río carrión,Palencia,34886,100,16/08/2023,237,100,22,24.3,0,100,15,264.00%,0.72%,0
1,36,Female,26/09/1990,Madridmad,Madrid,28028,250,02/01/2024,587.75,250,55,60.75,0,245.25,37.5,264.00%,0.72%,3.65
2,37,Male,29/05/1989,Valencia,Valencia,46019,300,12/08/2023,682.3,300,45.65,72.9,9.35,282.3,45,264.00%,0.72%,0
1,37,Male,0,Santa cruz,Santa Cruz de Tenerife,38626,300,03/01/2024,625.94,300,43.64,72.9,0,282.3,0,264.00%,0.72%,218.31
2,38,Male,22/09/1993,Zaragoza,Zaragoza,50018,300,15/08/2023,693.3,300,66,72.9,0,282.3,45,264.00%,0.72%,0
1,38,Female,23/11/1981,Coslada,Madrid,28821,300,09/01/2024,425.58,212.79,0,51.71,0,212.79,0,264.00%,0.72%,315.08
2,39,Female,19/09/1998,Algeciras,Cádiz,11207,100,15/08/2023,237,100,22,24.3,0,100,15,264.00%,0.72%,0
1,39,Female,22/08/1994,Murcia,Murcia,30010,300,14/01/2024,693.3,300,51,72.9,0,282.3,60,204.00%,0.56%,0
2,40,Female,27/07/1997,Blanes,Gerona,17300,70,05/08/2023,161.67,70,10.26,17.01,0,70.91,10.5,263.83%,0.72%,0
1,40,Male,18/05/1997,Barcelona,Barcelona,8015,200,01/01/2024,462.56,200,44,48.6,0,200,18.56,264.00%,0.72%,13.42
2,41,Female,21/09/1985,Villasana de mena,Burgos,9580,300,15/08/2023,693.3,300,54.78,72.9,11.22,282.3,45,264.00%,0.72%,0
1,41,Male,19/06/1991,Algete,Madrid,28110,200,02/01/2024,452.28,200,29.33,48.6,0,200,22.95,263.97%,0.72%,107.51
2,42,Female,02/05/1978,Palma de mallorca,Islas Baleares,7013,150,13/08/2023,355.5,150,33,36.45,0,150,22.5,264.00%,0.72%,0
1,42,Female,29/08/1990,Fuenlabrada,Madrid,28943,1000,02/01/2024,2171,1000,220,243,0,801,150,264.00%,0.72%,104.65
2,43,Female,12/07/2002,Madrid,Madrid,28026,100,13/08/2023,228.41,100,22,24.3,0,91.41,15,264.00%,0.72%,8.59
1,43,Female,04/05/1987,Elche,Alicante,3206,600,04/01/2024,1326.6,600,84,145.8,36,504.6,102,240.00%,0.66%,0
2,44,Male,24/02/1986,Madrid,Madrid,28001,300,13/08/2023,693.3,300,66,72.9,0,282.3,45,264.00%,0.72%,0
1,44,Male,01/05/1994,Lucena,Córdoba,14900,300,11/01/2024,153.17,71.9,9.37,17.47,0,71.9,0,85.08%,0.23%,300
2,45,Female,15/09/1990,Madrid,Madrid,28053,1000,12/08/2023,2164.76,1000,213.76,243,0,801,150,256.51%,0.70%,0
1,45,Male,25/07/1997,Burgos,Burgos,9001,150,02/01/2024,342.99,150,33,36.45,0,150,9.99,264.00%,0.72%,68.53
2,46,Male,08/11/1983,Alcázar de san juan,Ciudad Real,13600,300,12/08/2023,693.3,300,66,72.9,0,282.3,45,264.00%,0.72%,0
1,46,Female,21/07/1975,Álava,Álava,28350,300,11/01/2024,693.3,300,51,72.9,0,282.3,60,204.00%,0.56%,0
2,47,Female,11/10/1968,Boecillo,Valladolid,47151,300,12/08/2023,693.3,300,66,72.9,0,282.3,45,264.00%,0.72%,0
1,47,Male,14/02/1982,Álava,Álava,28802,200,11/01/2024,474,200,34,48.6,0,200,40,204.00%,0.56%,0
2,48,Female,21/09/1989,Las palmas de gran canaria,Las Palmas,35018,300,12/08/2023,693.3,300,66,72.9,0,282.3,45,264.00%,0.72%,0
1,48,Female,13/08/1978,La coruña,La Coruña,15684,300,13/01/2024,693.3,300,51,72.9,0,282.3,60,204.00%,0.56%,0
2,49,Female,24/07/1999,Talavera,Toledo,45600,600,12/08/2023,1326.6,600,112.86,145.8,19.14,504.6,90,264.00%,0.72%,0
1,49,Male,21/01/2001,Sant vicente del raspeig,Alicante,3690,300,02/01/2024,693.3,300,66,72.9,0,282.3,45,264.00%,0.72%,13.61
2,50,Male,27/06/1982,Valencia,Valencia,46006,100,12/08/2023,237,100,22,24.3,0,100,15,264.00%,0.72%,0
1,50,Male,09/10/1985,Almajano,Soria,42180,300,05/01/2024,693.3,300,51,72.9,0,282.3,60,204.00%,0.56%,0
2,51,Male,28/09/1966,Alcalá de henares,Madrid,28804,800,12/08/2023,1748.8,800,176,194.4,0,652.8,120,264.00%,0.72%,0
1,51,Male,03/01/1995,Leganés,Madrid,28912,100,08/01/2024,228.5,100,8.5,24.3,0,100,20,204.00%,0.56%,0
2,52,Male,14/06/1991,A coruña,La Coruña,15011,220,12/08/2023,521.4,220,48.4,53.46,0,220,33,264.00%,0.72%,0
1,52,Female,05/05/1997,Los majuelos,Santa Cruz de Tenerife,38108,550,03/01/2024,1124.42,550,73.99,133.65,0,467.55,32.88,210.56%,0.58%,244.92
2,53,Male,10/12/1996,Badia del valles,Barcelona,8214,200,13/08/2023,474,200,44,48.6,0,200,30,264.00%,0.72%,0
1,53,Male,24/06/1983,Peligros,Granada,18210,700,06/01/2024,1439.85,700,58.31,170.1,0,578.7,102.84,263.99%,0.72%,354.33
2,54,Male,08/01/1979,Leon,León,24009,100,13/08/2023,237,100,22,24.3,0,100,15,264.00%,0.72%,0
1,54,Female,27/01/1981,Barcelonaa,Barcelona,8019,300,08/01/2024,693.3,300,42.33,72.9,8.67,282.3,60,204.00%,0.56%,0
2,55,Male,0,Playa honda,Murcia,30385,300,11/08/2023,693.3,300,66,72.9,0,282.3,45,264.00%,0.72%,0
1,55,Male,01/12/1984,Pinto,Madrid,28320,800,11/01/2024,1748.8,800,160,194.4,0,652.8,136,240.00%,0.66%,0
2,56,Female,25/06/1974,Pontevedra,Pontevedra,36002,300,11/08/2023,693.3,300,66,72.9,0,282.3,45,264.00%,0.72%,0
1,56,Female,31/12/1985,Inca,Islas Baleares,7300,600,03/01/2024,1312.6,600,106,145.8,0,504.6,102,212.00%,0.58%,0
2,57,Female,20/07/1992,Castrillo de la vega,Burgos,9391,100,12/08/2023,237,100,22,24.3,0,100,15,264.00%,0.72%,0
1,57,Female,06/09/1975,Barcelona,Barcelona,8019,300,02/01/2024,693.3,300,51,72.9,0,282.3,60,204.00%,0.56%,1.03
2,58,Female,28/09/1989,Benalmadena,Málaga,29630,250,13/08/2023,584.53,250,47.03,60.75,7.97,242.03,37.5,264.00%,0.72%,0
1,58,Female,22/04/1975,Zaragoza,Zaragoza,50008,300,10/01/2024,663.94,300,66,72.9,0,282.3,15.64,264.00%,0.72%,89.73
2,59,Male,08/11/1995,Dénia,Alicante,3700,100,13/08/2023,237,100,22,24.3,0,100,15,264.00%,0.72%,0
1,59,Male,03/06/1973,Cornella-de-llobregat,Barcelona,8940,300,05/01/2024,693.3,300,51,72.9,0,282.3,60,204.00%,0.56%,117
2,60,Female,05/06/1992,Utiel (utiel),Valencia,46300,600,13/08/2023,1326.6,600,112.86,145.8,19.14,504.6,90,264.00%,0.72%,0
1,60,Male,11/08/1999,Barcelona,Barcelona,8002,250,29/12/2023,587.75,250,50,60.75,0,245.25,42.5,240.00%,0.66%,0
2,61,Male,12/05/1976,Zaragoza,Zaragoza,50015,300,13/08/2023,693.3,300,66,72.9,0,282.3,45,264.00%,0.72%,0
1,61,Male,23/05/1977,Tarragona,Tarragona,43005,400,05/01/2024,891.2,400,74.8,97.2,0,356.4,60,224.40%,0.61%,390.7
2,62,Male,09/09/1981,Hospitalet de llobregat,Barcelona,8905,300,13/08/2023,693.3,300,66,72.9,0,282.3,45,264.00%,0.72%,0
1,62,Male,04/11/1982,Valladolid,Valladolid,47012,300,01/01/2024,211.32,105.66,0,25.68,0,105.66,0,264.00%,0.72%,312.1
2,63,Male,16/04/1987,Barcelona,Barcelona,8001,50,13/08/2023,119.15,50,11,12.15,0,50.65,7.5,264.00%,0.72%,0
1,63,Female,22/04/2000,Madrid,Madrid,28670,300,02/01/2024,495.56,250.31,0,60.83,0,245.25,0,264.00%,0.72%,247.98
2,64,Male,21/04/1992,Almerimar,Almería,4711,500,08/08/2023,1034.87,500,52.8,121.5,0,430.5,51.57,253.44%,0.69%,110.93
1,64,Male,04/02/1975,Las palmas de gran canaria,Las Palmas,35013,600,02/01/2024,1324.54,600,132,145.8,0,504.6,87.94,264.00%,0.72%,224.17
2,65,Female,17/01/1992,A coruña,La Coruña,15010,300,14/08/2023,693.3,300,66,72.9,0,282.3,45,264.00%,0.72%,0
1,65,Male,21/04/1977,Sevilla,Sevilla,41089,800,14/01/2024,1693.8,800,121,194.4,0,652.8,120,181.50%,0.50%,588.66
2,66,Female,13/02/1997,Barcelona,Barcelona,8913,100,16/08/2023,237,100,22,24.3,0,100,15,264.00%,0.72%,0
1,66,Female,16/04/1972,Torrejón de ardoz,Madrid,28850,300,03/01/2024,123.14,61.17,0,14.86,0,61.97,0,264.00%,0.72%,450.3
2,67,Female,02/04/1978,Almería,Almería,4003,300,16/08/2023,693.3,300,66,72.9,0,282.3,45,264.00%,0.72%,0
1,67,Female,02/07/1975,Estepona,Málaga,29680,200,01/01/2024,45700,200,17,48.6,0,200,40,204.00%,0.56%,0
2,68,Male,19/01/1975,Valencia de alcantara,Cáceres,10500,300,16/08/2023,693.3,300,66,72.9,0,282.3,45,264.00%,0.72%,0
1,68,Female,03/09/1993,Leganés,Madrid,28913,600,05/01/2024,1208.58,600,97.2,145.8,0,504.6,6.78,240.00%,0.66%,235.62
2,69,Male,03/02/1993,Alicante,Alicante,3003,200,16/08/2023,474,200,44,48.6,0,200,30,264.00%,0.72%,0
1,69,Male,22/01/1997,Barcelona,Barcelona,8907,250,05/01/2024,587.75,250,50,60.75,0,245.25,42.5,240.00%,0.66%,0
2,70,Female,11/03/1969,Alicante,Alicante,3502,300,16/08/2023,693.3,300,66,72.9,0,282.3,45,264.00%,0.72%,0
1,70,Male,15/11/1975,Telde,Las Palmas,35200,700,02/01/2024,1443.18,700,126,170.1,0,578.7,38.48,240.00%,0.66%,114.64
2,71,Female,19/03/1995,Zahinos,Badajoz,6129,300,16/08/2023,693.3,300,66,72.9,0,282.3,45,264.00%,0.72%,0
1,71,Female,18/10/1966,Santa coloma de gramenet,Barcelona,8922,300,08/01/2024,693.3,300,51,72.9,0,282.3,60,204.00%,0.56%,0
2,72,Male,30/09/1965,Madrid,Madrid,28017,800,12/08/2023,1746.23,800,173.43,194.4,0,652.8,120,260.15%,0.71%,0
1,72,Male,19/04/1977,Artana,Castellón,12527,300,03/01/2024,693.3,300,51,72.9,0,282.3,60,204.00%,0.56%,0
2,73,Male,01/06/1986,Madrid,Madrid,28010,700,12/08/2023,1534.01,700,154,170.1,0,575.01,105,264.00%,0.72%,3.69
1,73,Female,05/11/1982,Málaga,Málaga,29010,500,02/01/2024,1067.43,500,78.1,121.5,0,430.5,58.83,264.00%,0.72%,232.39
2,74,Female,24/05/1989,Madrid,Madrid,28051,500,12/08/2023,1114.03,500,80.31,121.5,28.22,430.5,75,260.47%,0.71%,0
1,74,Female,11/05/1978,Sant antoni de portmanh,Islas Baleares,7820,1000,04/01/2024,2042.12,1000,145.2,243,0,801,95.92,264.00%,0.72%,73.57
2,75,Male,30/10/1969,Santiago de compostela,La Coruña,15705,300,12/08/2023,693.3,300,66,72.9,0,282.3,45,264.00%,0.72%,0
1,75,Male,03/09/1986,Madrid,Madrid,28100,600,08/01/2024,1290,600,84,145.8,0,504.6,101.4,240.00%,0.66%,141
2,76,Female,02/10/1974,Almansa,Albacete,2640,300,10/08/2023,693.3,300,66,72.9,0,282.3,45,264.00%,0.72%,0
1,76,Female,05/01/1985,Oviedo,Asturias,33007,300,03/01/2024,676.09,300,66,72.9,0,282.3,27.79,264.00%,0.72%,127.97
2,77,Male,22/08/1985,Olot,Gerona,17800,300,10/08/2023,449.52,300,66,72.9,0,69,14.52,264.00%,0.72%,30.48
1,77,Female,10/09/1988,San miguel del camino,León,24391,300,08/01/2024,693.3,300,51,72.9,0,282.3,60,204.00%,0.56%,0
2,78,Male,16/03/1994,Alcala la real,Jaén,23680,100,10/08/2023,233.26,100,18.26,24.3,3.74,96.26,15,264.00%,0.72%,0
1,78,Female,16/11/1998,Mislata,Valencia,46920,100,06/01/2024,237,100,17,24.3,0,100,20,204.00%,0.56%,0
2,79,Female,17/07/1963,La lajita,Las Palmas,35627,100,10/08/2023,236.41,100,22,24.3,0,99.41,15,264.00%,0.72%,0.59
1,79,Male,17/08/1997,Albacete,Albacete,2006,50,04/01/2024,118.47,50,11,12.15,0,50.65,6.82,264.00%,0.72%,4.74
2,80,Male,21/09/1992,Ribeira,La Coruña,15960,300,10/08/2023,693.3,300,66,72.9,0,282.3,45,264.00%,0.72%,0
1,80,Male,27/06/1998,Malaga,Málaga,29010,300,13/01/2024,693.3,300,51,72.9,0,282.3,60,204.00%,0.56%,0
2,81,Male,17/09/1985,Alcorcón,Madrid,28923,200,10/08/2023,474,200,44,48.6,0,200,30,264.00%,0.72%,0
1,81,Female,13/10/1986,Madrid,Madrid,28039,1000,02/01/2024,2090.66,1000,220,243,0,801,69.66,264.00%,0.72%,332.55
2,82,Female,09/07/2000,Santa cruz,Santa Cruz de Tenerife,38001,200,10/08/2023,474,200,44,48.6,0,200,30,264.00%,0.72%,0
1,82,Male,07/03/1980,Benidorm,Alicante,3502,600,04/01/2024,1326.6,600,108,145.8,12,504.6,102,240.00%,0.66%,0
2,83,Male,20/05/1980,Tacande abajo (el paso),Santa Cruz de Tenerife,38759,100,06/08/2023,229.66,100,14.66,24.3,0,100,15,263.88%,0.72%,0
1,83,Male,07/06/1994,Alfafar,Valencia,46910,100,02/01/2024,212.36,100,12.36,24.3,0,100,0,264.00%,0.72%,99.17
2,84,Female,18/01/1996,Valencia,Valencia,46018,300,16/08/2023,693.3,300,66,72.9,0,282.3,45,264.00%,0.72%,0
1,84,Female,04/10/1976,"Santos de la humosa, los",Madrid,28817,300,02/01/2024,696.79,300,66,72.9,0,316.2,14.59,264.00%,0.72%,53.17
2,85,Male,18/07/1991,Valladolid,Valladolid,47013,200,16/08/2023,474,200,44,48.6,0,200,30,264.00%,0.72%,0
1,85,Female,23/07/1977,A coruña,La Coruña,15010,300,31/12/2023,432,216,0,52.49,0,216,0,264.00%,0.72%,200
2,86,Male,09/06/1975,Onda,Castellón,12200,100,16/08/2023,237,100,22,24.3,0,100,15,264.00%,0.72%,0
1,86,Female,01/12/1987,Pedroso de acim,Cáceres,10829,600,31/12/2023,1326.6,600,120,145.8,0,504.6,102,240.00%,0.66%,0
2,87,Male,20/04/1975,Castelldefels,Barcelona,8860,500,16/08/2023,1106.7,500,91.08,121.5,10.12,430.5,75,242.88%,0.67%,0
1,87,Male,18/02/1986,Sevilla,Sevilla,41009,500,04/01/2024,1112.5,500,97,121.5,0,430.5,85,232.80%,0.64%,0
2,88,Male,08/04/1995,Madrid,Madrid,28045,150,16/08/2023,355.5,150,33,36.45,0,150,22.5,264.00%,0.72%,0
1,88,Female,02/03/1980,Udias,Cantabria,39507,900,02/01/2024,1882.93,900,130.68,218.7,0,726.9,125.35,264.00%,0.72%,56.79
2,89,Male,16/07/1998,Zaragoza,Zaragoza,50017,300,16/08/2023,693.3,300,66,72.9,0,282.3,45,264.00%,0.72%,0
1,89,Female,02/02/1969,Tinajo,Las Palmas,35560,300,14/01/2024,693.3,300,51,72.9,0,282.3,60,204.00%,0.56%,0
2,90,Male,16/05/1996,Rubí,Barcelona,8191,300,14/08/2023,693.3,300,66,72.9,0,282.3,45,264.00%,0.72%,0
1,90,Male,12/01/2000,Álava,Álava,28250,500,10/01/2024,1115.5,500,100,121.5,0,430.5,85,240.00%,0.66%,0
2,91,Female,06/06/1986,Cerdanyola del valles,Barcelona,8290,300,14/08/2023,693.3,300,66,72.9,0,282.3,45,264.00%,0.72%,0
1,91,Male,31/12/1973,Burgos,Burgos,9003,300,04/01/2024,693.3,300,66,72.9,0,282.3,45,264.00%,0.72%,5.22
2,92,Male,16/04/1978,La torre de claramunt,Barcelona,8789,500,08/08/2023,1115.5,500,110,121.5,0,430.5,75,264.00%,0.72%,0
1,92,Female,27/01/1977,Magallón,Zaragoza,50520,700,31/12/2023,1419.14,700,120,170.1,13.34,466.8,119,228.57%,0.63%,0
2,93,Male,01/09/1991,Los santos de  maimona,Badajoz,6230,900,08/08/2023,1959.9,900,178.2,218.7,19.8,726.9,135,264.00%,0.72%,0
1,93,Female,05/05/1997,Telde,Las Palmas,35250,500,03/01/2024,1115.5,500,100,121.5,0,430.5,85,240.00%,0.66%,0
2,94,Male,11/11/1995,Gijon,Asturias,33210,100,08/08/2023,233.26,100,18.26,24.3,3.74,96.26,15,264.00%,0.72%,0
1,94,Female,28/07/1984,Chiclana de la frontera,Cádiz,11130,100,04/01/2024,237,100,17,24.3,0,100,20,204.00%,0.56%,0
2,95,Female,15/09/1961,Madrid,Madrid,28003,100,08/08/2023,237,100,22,24.3,0,100,15,264.00%,0.72%,0
1,95,Male,14/05/1995,Sotolargo,Guadalajara,19185,1000,03/01/2024,2167.67,1000,168.15,243,28.52,801,170,236.00%,0.65%,3.35
2,96,Female,29/09/1996,Badalona,Barcelona,8917,100,08/08/2023,237,100,22,24.3,0,100,15,264.00%,0.72%,0
1,96,Male,11/05/1986,Arrecife,Las Palmas,35500,600,01/01/2024,1326.6,600,108,145.8,12,504.6,102,240.00%,0.66%,0
2,97,Male,24/11/1997,Vilafranca del penedes,Barcelona,8720,300,08/08/2023,693.3,300,66,72.9,0,282.3,45,264.00%,0.72%,0
1,97,Female,02/04/1990,Madrid,Madrid,28018,200,14/01/2024,474,200,34,48.6,0,200,40,204.00%,0.56%,0
2,98,Male,04/05/1972,El puerto de santa maría,Cádiz,11500,300,07/08/2023,693.3,300,66,72.9,0,282.3,45,264.00%,0.72%,0
1,98,Female,26/10/1988,Barrantes,Pontevedra,36636,300,11/01/2024,693.3,300,51,72.9,0,282.3,60,204.00%,0.56%,0
2,99,Female,24/04/1977,Barcelona,Barcelona,8015,300,07/08/2023,693.3,300,66,72.9,0,282.3,45,264.00%,0.72%,0
1,99,Male,27/10/1993,Málaga,Málaga,29014,300,03/01/2024,693.3,300,51,72.9,0,282.3,60,204.00%,0.56%,0
2,100,Female,06/06/1987,Zaragoza,Zaragoza,50018,300,09/08/2023,693.3,300,66,72.9,0,282.3,45,264.00%,0.72%,0
1,100,Male,26/03/1994,Gandia,Valencia,46717,300,12/01/2024,542.73,300,42.33,72.9,0,140.4,60,204.00%,0.56%,0
2,101,Male,06/09/1971,Binefar,Huesca,22500,300,09/08/2023,693.3,300,66,72.9,0,282.3,45,264.00%,0.72%,0
1,101,Male,26/12/1996,Irun,Guipúzcoa,20305,300,03/01/2024,693.3,300,51,72.9,0,282.3,60,204.00%,0.56%,0
2,102,Male,16/08/1982,Valencia,Valencia,46018,300,09/08/2023,693.3,300,66,72.9,0,282.3,45,264.00%,0.72%,0
1,102,Female,15/02/1985,Vecindario,Las Palmas,35110,300,02/01/2024,683.1,300,40.8,72.9,0,282.3,60,204.00%,0.56%,6.98
2,103,Male,26/12/1994,Barcelona,Barcelona,8033,200,09/08/2023,474,200,44,48.6,0,200,30,264.00%,0.72%,0
1,103,Male,26/05/1969,Abamia,Asturias,33556,700,03/01/2024,1535.7,700,138,170.1,0,578.7,119,236.57%,0.65%,10.56
2,104,Male,02/05/1978,Torrevieja,Alicante,3182,300,07/08/2023,693.3,300,66,72.9,0,282.3,45,264.00%,0.72%,0
1,104,Male,0,San isidro,Santa Cruz de Tenerife,38190,300,01/01/2024,693.3,300,51,72.9,0,282.3,60,204.00%,0.56%,0
2,105,Female,13/04/1991,Sant feliu de llobregat,Barcelona,8980,100,07/08/2023,233.26,100,18.26,24.3,3.74,96.26,15,264.00%,0.72%,0
1,105,Male,25/03/1974,Yecla,Murcia,30510,500,02/01/2024,1115.5,500,100,121.5,0,430.5,85,240.00%,0.66%,13.02
2,106,Male,13/02/1995,Logroño,La Rioja,26001,300,06/08/2023,693.3,300,66,72.9,0,282.3,45,264.00%,0.72%,0
1,106,Female,11/02/1995,Madrid,Madrid,28010,700,10/01/2024,1537.7,700,91,170.1,49,578.7,119,240.00%,0.66%,0
2,107,Male,23/04/1996,"Coruña, a",La Coruña,15009,100,07/08/2023,237,100,22,24.3,0,100,15,264.00%,0.72%,0
1,107,Male,05/12/1995,Fuente el saz de jarama,Madrid,28140,880,01/01/2024,1910.21,880,144.09,213.84,24.44,712.08,149.6,229.81%,0.63%,0
2,108,Male,17/08/1995,Ejea de los caballeros,Zaragoza,50600,300,07/08/2023,693.3,300,66,72.9,0,282.3,45,264.00%,0.72%,0
1,108,Female,04/01/1967,Álava,Álava,11314,100,13/01/2024,237,100,17,24.3,0,100,20,204.00%,0.56%,0
2,109,Female,22/01/1987,Sabadell,Barcelona,8201,300,07/08/2023,693.3,300,66,72.9,0,282.3,45,264.00%,0.72%,0
1,109,Male,28/04/1985,Islas baleareas,Islas Baleares,7440,300,02/01/2024,692.27,300,51,72.9,0,282.3,58.97,204.00%,0.56%,2.05
2,110,Female,29/06/1957,Valencia,Valencia,46010,700,07/08/2023,1537.7,700,138.6,170.1,15.4,578.7,105,264.00%,0.72%,0
1,110,Female,11/08/1980,Álava,Álava,28015,300,10/01/2024,693.3,300,51,72.9,0,282.3,60,204.00%,0.56%,0
2,111,Male,21/10/1993,Madrid,Madrid,28025,700,07/08/2023,1537.7,700,114.73,170.1,39.27,578.7,105,264.00%,0.72%,0
1,111,Female,30/05/1985,Galdar,Las Palmas,35460,900,03/01/2024,1947.23,900,150.6,218.7,16.73,726.9,153,230.80%,0.63%,3.01
2,112,Female,20/04/1984,Torrente,Valencia,46900,500,07/08/2023,1115.5,500,81.4,121.5,28.6,430.5,75,264.00%,0.72%,0
1,112,Male,18/05/1977,San fernando,Cádiz,11100,300,10/01/2024,693.3,300,51,72.9,0,282.3,60,204.00%,0.56%,0
2,113,Male,04/06/1984,Alcalá de henares,Madrid,28805,300,10/08/2023,693.3,300,66,72.9,0,282.3,45,264.00%,0.72%,0
1,113,Female,05/01/1986,Murcia,Murcia,30003,1000,04/01/2024,2171,1000,180,243,20,801,170,240.00%,0.66%,0
2,114,Female,07/04/1966,Barcelona,Barcelona,8028,300,12/08/2023,693.3,300,66,72.9,0,282.3,45,264.00%,0.72%,0
1,114,Male,04/08/1990,Cantimpalos,Segovia,40360,300,14/01/2024,693.3,300,51,72.9,0,282.3,60,204.00%,0.56%,0
1,115,Male,26/11/1968,Toledo,Toledo,45006,600,07/01/2024,1326.6,600,108,145.8,12,504.6,102,240.00%,0.66%,0
2,115,Male,14/08/1983,Granada,Granada,18140,300,,693.3,300,66,72.9,0,282.3,45,264.00%,0.72%,0
2,116,Male,22/11/1980,Madrid,Madrid,28032,300,08/08/2023,693.3,300,66,72.9,0,282.3,45,264.00%,0.72%,0
1,116,Female,13/06/1990,Cullera,Valencia,46400,500,08/01/2024,1115.5,500,100,121.5,0,430.5,85,240.00%,0.66%,11
2,117,Male,27/09/1997,Soria,Soria,42004,700,08/08/2023,1526.48,700,115.65,170.1,27.13,578.7,105,244.77%,0.67%,0
1,117,Male,30/06/1976,A laracha,La Coruña,15145,600,31/12/2023,1296.26,600,70.83,145.8,18.83,504.6,102,179.32%,0.49%,0
2,118,Female,17/01/1989,Leganes,Madrid,28917,300,08/08/2023,693.3,300,66,72.9,0,282.3,45,264.00%,0.72%,0
1,118,Female,23/10/1968,Illes balears,Islas Baleares,7003,300,11/01/2024,693.3,300,51,72.9,0,282.3,60,204.00%,0.56%,0
2,119,Female,02/10/1978,Santa coloma de gramenet,Barcelona,8924,300,08/08/2023,693.3,300,66,72.9,0,282.3,45,264.00%,0.72%,0
1,119,Male,30/11/1983,Albatera,Alicante,3340,300,12/01/2024,693.3,300,51,72.9,0,282.3,60,,0.56%,0
1,120,Female,18/10/2001,Ejea de los caballeros,Zaragoza,50600,150,31/12/2023,347.1,150,28.22,36.45,0,150,18.88,264.00%,0.72%,12.18
2,120,Female,24/12/1977,Cobeña,Madrid,28863,300,,693.3,300,66,72.9,0,282.3,45,264.00%,0.72%,0
2,121,Female,17/04/1984,Paterna,Valencia,46980,600,09/08/2023,1326.6,600,118.8,145.8,13.2,504.6,90,264.00%,0.72%,0
1,121,Male,28/10/1976,Álava,Álava,8002,100,02/01/2024,237,100,17,24.3,0,100,20,204.00%,0.56%,0
2,122,Female,15/03/1997,Igualada,Barcelona,8700,100,09/08/2023,237,100,22,24.3,0,100,15,264.00%,0.72%,0
1,122,Female,18/02/1977,Portecristo,Islas Baleares,7680,300,05/01/2024,693.3,300,51,72.9,0,282.3,60,204.00%,0.56%,0
2,123,Male,27/09/1988,Estella,Navarra,31200,300,09/08/2023,693.3,300,66,72.9,0,282.3,45,264.00%,0.72%,0
1,123,Male,25/05/1996,Piera,Barcelona,8784,600,14/01/2024,1326.6,600,108,145.8,12,504.6,102,240.00%,0.66%,0
2,124,Female,21/06/1984,Madrid,Madrid,28021,100,09/08/2023,237,100,22,24.3,0,100,15,264.00%,0.72%,0
1,124,Female,29/01/1980,Navia de suarna,Lugo,27650,300,02/01/2024,69300.3,300,51,72.9,0,282.3,60,204.00%,0.56%,0
1,125,Male,19/09/1967,Las palmas de gran canaria,Las Palmas,35016,450,09/01/2024,1009.95,450,76.95,109.35,13.05,393.45,76.5,240.00%,0.66%,175.5
2,125,Female,29/09/1992,Carcaixent,Valencia,46740,100,,135.86,100,18.26,24.3,0,2.6,15,264.00%,0.72%,0
2,126,Male,12/08/1994,Maria de huerva,Zaragoza,50430,300,09/08/2023,693.3,300,66,72.9,0,282.3,45,264.00%,0.72%,0
1,126,Female,24/06/1987,Las palmas de gran canaria,Las Palmas,35009,300,10/01/2024,693.3,300,51,72.9,0,282.3,60,204.00%,0.56%,0
2,127,Male,25/09/1993,Lleida,Lérida,25001,120,09/08/2023,280.57,120,22.57,29.16,3.83,116.17,18,264.00%,0.72%,0
1,127,Male,27/09/1982,Valdepeñas,Ciudad Real,13300,250,14/01/2024,582.25,250,49.5,60.75,0,245.25,37.5,264.00%,0.72%,1.25
2,128,Female,06/01/1991,BARBERA DEL VALLES,6,8210,250,09/08/2023,586.59,250,55,60.75,0,244.09,37.5,264.00%,0.72%,1.16
1,128,Male,16/10/1991,Las palmas de gran canaria,Las Palmas,35010,300,02/01/2024,693.3,300,51,72.9,0,282.3,60,,0.56%,1.06
2,129,Female,17/10/1996,Zaragoza,Zaragoza,50010,500,09/08/2023,1115.5,500,99,121.5,11,430.5,75,264.00%,0.72%,0
1,129,Female,16/11/1963,Albacete,Albacete,2520,300,07/01/2024,693.3,300,51,72.9,0,282.3,60,204.00%,0.56%,0
1,130,Male,13/10/1971,Santander,Cantabria,39008,600,03/01/2024,1274.36,600,67.76,145.8,0,504.6,102,176.00%,0.48%,140.75
2,130,Female,30/12/1960,Mataro,Barcelona,8303,100,,237,100,22,24.3,0,100,15,264.00%,0.72%,0
2,131,Male,23/12/1969,León,León,24400,300,05/08/2023,693.3,300,66,72.9,0,282.3,45,264.00%,0.72%,0
1,131,Male,26/08/1988,Madrid,Madrid,28017,600,09/01/2024,1326.6,600,94.8,145.8,25.2,504.6,102,240.00%,0.66%,99.75
2,132,Male,05/07/1997,Guadalajara,Guadalajara,19002,50,05/08/2023,119.15,50,11,12.15,0,50.65,7.5,264.00%,0.72%,0
1,132,Female,17/06/1979,Vilafant,Gerona,17740,250,04/01/2024,587.75,250,50,60.75,0,245.25,42.5,240.00%,0.66%,0
2,133,Male,01/10/1982,"Coruña, a",La Coruña,15010,350,05/08/2023,797.38,350,75.53,85.05,0,319.35,52.5,258.96%,0.71%,0
1,133,Female,06/04/1971,Telde,Las Palmas,35215,700,10/01/2024,1537.7,700,154,170.1,0,578.7,105,264.00%,0.72%,10
2,134,Male,11/05/1983,Fuenlabrada,Madrid,28944,150,05/08/2023,355.5,150,33,36.45,0,150,22.5,264.00%,0.72%,0
1,134,Female,16/11/1982,Palafrugell,Gerona,17200,300,11/01/2024,693.3,300,51,72.9,0,282.3,60,204.00%,0.56%,0
1,135,Male,22/12/1995,Madrid,Madrid,28042,500,31/12/2023,1115.5,500,100,121.5,0,430.5,85,240.00%,,0
2,135,Male,20/10/1973,Cambados,Pontevedra,36630,300,,693.3,300,66,72.9,0,282.3,45,264.00%,0.72%,0
1,136,Female,26/11/1994,Chozas de canales,Toledo,45960,800,01/01/2024,1708.32,800,135.52,194.4,0,652.8,120,254.10%,0.70%,101.57
2,136,Male,06/10/1968,Lugo,Lugo,27002,900,,1959.9,900,130.68,218.7,67.32,726.9,135,264.00%,0.72%,0
2,137,Male,28/10/1993,Valencia,Valencia,46021,300,05/08/2023,693.3,300,66,72.9,0,282.3,45,264.00%,0.72%,0
1,137,Male,29/09/1981,Betxi,Castellón,12549,500,06/01/2024,1115.5,500,81,121.5,19,430.5,85,240.00%,0.66%,131.25
2,138,Female,28/12/1997,Madrid,Madrid,28021,300,05/08/2023,105.05,47.2,10.04,11.47,0,47.81,0,48.96%,0.13%,300
1,138,Female,11/05/1970,Tortosa,Tarragona,43500,600,09/01/2024,1326.6,600,120,145.8,0,504.6,102,240.00%,0.66%,0
2,139,Female,06/12/1978,El vendrell ta,Tarragona,43700,300,06/08/2023,693.3,300,66,72.9,0,282.3,45,264.00%,0.72%,0
1,139,Female,18/02/1987,Las palmas dd gc,Las Palmas,35015,300,02/01/2024,693.3,300,51,72.9,0,282.3,60,,0.56%,0
2,140,Female,20/05/1977,Barcelona,Barcelona,8720,600,07/08/2023,1296.53,600,101.93,145.8,0,504.6,90,203.86%,0.56%,0
1,140,Male,27/08/1976,Cardona,Barcelona,8261,300,03/01/2024,693.3,300,51,72.9,0,282.3,60,204.00%,0.56%,0
2,141,Female,05/07/2002,León,León,24006,100,07/08/2023,237,100,22,24.3,0,100,15,264.00%,0.72%,0
1,141,Female,19/07/1957,Alhama de almeria,Almería,4400,300,02/01/2024,693.3,300,51,72.9,0,282.3,60,204.00%,0.56%,4.14
2,142,Female,24/09/1987,Terrassa bar,Barcelona,8223,80,07/08/2023,189.6,80,17.6,19.44,0,80,12,264.00%,0.72%,0
1,142,Female,18/09/1987,Alcalá de henares,Madrid,28805,600,02/01/2024,1251.53,600,46.8,145.8,0,504.6,100.13,240.00%,0.66%,3.74
1,143,Female,07/06/1984,Barcelona,Barcelona,8788,250,01/01/2024,577.3,250,44.55,60.75,0,245.25,37.5,264.00%,0.72%,1.43
2,143,Male,23/05/1992,Fuente de cantos,Badajoz,6240,500,,1115.5,500,110,121.5,0,430.5,75,264.00%,0.72%,0
2,144,Male,31/01/1990,Burjassot,Valencia,46100,200,08/08/2023,474,200,44,48.6,0,200,30,264.00%,0.72%,0
1,144,MaleX,01/09/1968,Buenameson,Madrid,28599,500,31/12/2023,1060.79,500,72.6,121.5,37.4,430.5,20.29,264.00%,0.72%,422.52
2,145,Female,18/09/1986,Barcelona,Barcelona,8035,300,11/08/2023,693.3,300,66,72.9,0,282.3,45,264.00%,0.72%,0
1,145,Male,25/07/1984,Logroño,La Rioja,26002,500,02/01/2024,1093.5,500,88,121.5,0,430.5,75,264.00%,0.72%,22.25
2,146,Male,05/01/1977,Barcelona,Barcelona,8470,300,11/08/2023,693.3,300,66,72.9,0,282.3,45,264.00%,0.72%,0
1,146,Male,18/05/1998,Arrecife,Las Palmas,35500,450,07/01/2024,862.33,450,15.31,109.35,3.57,393.45,0,190.21%,0.52%,304.45
2,147,Female,06/03/1985,El toboso,Toledo,45820,100,11/08/2023,233.26,100,18.26,24.3,3.74,96.26,15,264.00%,0.72%,0
1,147,Male,15/09/1991,Ciutadella de menorca,Islas Baleares,7760,900,29/12/2023,1959.9,900,180,218.7,0,726.9,153,240.00%,0.66%,0
2,148,Male,02/08/1992,Alcorcón,Madrid,28922,300,06/08/2023,693.3,300,66,72.9,0,282.3,45,264.00%,0.72%,0
1,148,Male,16/07/1982,Artzeniega,Álava,1474,100,04/01/2024,237,100,17,24.3,0,100,20,204.00%,0.56%,0
2,149,Male,21/03/1995,Zaragoza,Zaragoza,50006,200,06/08/2023,474,200,44,48.6,0,200,30,264.00%,0.72%,0
1,149,Female,07/08/1961,Llombai,Valencia,46195,300,01/01/2024,693.3,300,66,72.9,0,282.3,45,264.00%,0.72%,210.36
2,150,Female,16/08/1994,Senija,Alicante,3729,100,06/08/2023,237,100,22,24.3,0,100,15,264.00%,0.72%,0
1,150,Male,04/12/1983,Fraga,Huesca,22520,450,06/01/2024,586.12,302.11,0,73.41,0,284.01,0,230.72%,0.63%,388.15
2,151,Female,14/01/1995,Hospitalet de llobregat,Barcelona,8904,50,06/08/2023,119.15,50,11,12.15,0,50.65,7.5,264.00%,0.72%,0
1,151,Female,29/03/1954,Denia,Alicante,3700,740,02/01/2024,1598.53,740,139.19,179.82,0,608.34,111,264.00%,0.72%,48.9
2,152,Male,17/01/1983,Alcoi/alcoy,Alicante,3802,500,06/08/2023,1115.5,500,82.5,121.5,27.5,430.5,75,264.00%,0.72%,0
1,152,Female,28/08/1978,Terrassa,Barcelona,8221,300,02/01/2024,693.3,300,66,72.9,0,282.3,45,264.00%,0.72%,14.62
2,153,Female,08/08/1977,Nueva andalucia,Barcelona,29660,300,06/08/2023,693.3,300,66,72.9,0,282.3,45,264.00%,0.72%,0
1,153,Female,10/11/1990,Zaragoza,Zaragoza,50015,600,10/01/2024,1237.47,600,87.12,145.8,44.88,504.6,0.87,264.00%,0.72%,337.68
2,154,Female,30/04/1975,Yaiza,Las Palmas,35580,700,06/08/2023,1537.7,700,154,170.1,0,578.7,105,264.00%,0.72%,0
1,154,Female,01/08/1981,Leganes,Madrid,28915,600,02/01/2024,1301.52,600,106.92,145.8,0,504.6,90,264.00%,0.72%,9.56
2,155,Female,22/01/1987,Arrecife,Las Palmas,35500,150,06/08/2023,350.72,150,28.22,36.45,4.78,145.22,22.5,264.00%,0.72%,0
1,155,Male,04/11/1987,St boi de llobregat,Barcelona,8830,150,02/01/2024,355.5,150,33,36.45,0,150,22.5,264.00%,0.72%,32.51
1,156,Female,19/03/1989,Tarragona,Tarragona,43201,300,01/01/2024,681.48,300,66,72.9,0,282.3,33.18,264.00%,0.72%,59.07
2,156,Male,28/06/1983,Sant vicenç dels horts,Barcelona,8620,300,,693.3,300,66,72.9,0,282.3,45,264.00%,0.72%,0
1,157,Male,06/10/1961,Alcañizo,Toledo,45687,250,07/01/2024,587.75,250,50,60.75,0,245.25,42.5,240.00%,0.66%,0
2,157,Male,27/03/1985,Madrid,Madrid,28045,600,,1304.6,600,110,145.8,0,504.6,90,264.00%,0.72%,0
1,158,Male,18/04/1957,Palma de mallorca,Islas Baleares,7600,200,02/01/2024,473.31,200,44,48.6,0,200,29.31,264.00%,0.72%,70.89
2,158,Male,17/04/1997,Elda,Alicante,3600,370,,822,370,41.14,89.91,21.19,334.17,55.5,202.15%,0.55%,0
2,159,Female,06/08/1980,Málaga,Málaga,29651,200,11/08/2023,474,200,44,48.6,0,200,30,264.00%,0.72%,0
1,159,Male,18/06/1958,Álava,Álava,43580,200,04/01/2024,474,200,40,48.6,0,200,34,240.00%,0.66%,0
2,160,Female,18/07/1998,Murcia,Murcia,30006,800,04/08/2023,1748.8,800,124.96,194.4,51.04,652.8,120,264.00%,0.72%,0
1,160,Female,05/06/1992,Badalona,Barcelona,8914,600,01/01/2024,1281.72,600,87.12,145.8,0,504.6,90,264.00%,0.72%,188.72
2,161,Female,10/10/2000,Burgos,Burgos,9006,300,04/08/2023,693.3,300,66,72.9,0,282.3,45,264.00%,0.72%,0
1,161,Female,22/11/1983,Fuenlabrada,Madrid,28945,700,02/01/2024,1483.8,700,100.1,170.1,0,578.7,105,264.00%,0.72%,14.51
2,162,Female,25/11/1998,Lleida,Lérida,25001,100,04/08/2023,237,100,22,24.3,0,100,15,264.00%,0.72%,0
1,162,Female,10/11/1957,Majadahonda,Madrid,28220,150,03/01/2024,355.5,150,25.5,36.45,0,150,30,204.00%,0.56%,0
2,163,Male,15/09/1965,Las palmas,Las Palmas,35600,100,04/08/2023,237,100,22,24.3,0,100,15,264.00%,0.72%,0
1,163,Male,06/02/1989,Las palmas,Las Palmas,35110,700,03/01/2024,1513.06,700,129.36,170.1,0,578.7,105,263.99%,0.72%,188.89
2,164,Male,22/11/1994,Alacant,Alicante,3007,500,05/08/2023,1115.5,500,110,121.5,0,430.5,75,264.00%,0.72%,0
1,164,Male,01/07/1991,Santiponce,Sevilla,41970,500,02/01/2024,1104.5,500,99,121.5,0,430.5,75,264.00%,0.72%,2.79
2,165,Female,06/07/1989,Madrid,Madrid,28860,300,05/08/2023,693.3,300,66,72.9,0,282.3,45,264.00%,0.72%,0
1,165,Male,15/05/1978,Monzón,Huesca,22400,600,03/01/2024,1326.6,600,132,145.8,0,504.6,90,264.00%,0.72%,11.7
2,166,Male,06/05/1970,Terrassa,Barcelona,8224,300,05/08/2023,693.3,300,66,72.9,0,282.3,45,264.00%,0.72%,0
1,166,Female,06/04/1987,Arganda del rey,Madrid,28500,100,31/12/2023,232.52,100,22,24.3,0,100,10.52,264.00%,0.72%,8.31
2,167,Male,26/09/1986,Tarancón,Cuenca,16400,600,05/08/2023,1326.6,600,118.8,145.8,13.2,504.6,90,264.00%,0.72%,0
1,167,Male,30/08/1997,Barcelona,Barcelona,8917,300,02/01/2024,677.11,300,66,72.9,0,282.3,28.81,264.00%,0.72%,24.39
2,168,Male,17/12/1993,Zaragoza,Zaragoza,50008,300,05/08/2023,693.3,300,66,72.9,0,282.3,45,264.00%,0.72%,0
1,168,Female,24/04/1986,La línea de la concepción,Cádiz,11300,300,11/01/2024,622.68,300,40.38,72.9,0,282.3,0,264.00%,0.72%,209.33
2,169,Female,06/01/1965,Madrid,Madrid,28210,300,04/08/2023,693.3,300,66,72.9,0,282.3,45,264.00%,0.72%,0
1,169,Female,27/02/2001,Solsona,Lérida,25280,120,03/01/2024,283.99,120,26.4,29.16,0,120,17.59,264.00%,0.72%,2.44
2,170,Female,17/03/1988,Murcia,Murcia,30592,300,04/08/2023,693.3,300,66,72.9,0,282.3,45,264.00%,0.72%,0
1,170,Male,02/12/1998,L'hospitalet de llobregat,Barcelona,8906,300,03/01/2024,693.3,300,66,72.9,0,282.3,45,264.00%,0.72%,10.11
2,171,Male,04/04/1967,Madrid,Madrid,28029,300,05/08/2023,693.3,300,66,72.9,0,282.3,45,264.00%,0.72%,0
1,171,MaleX,24/02/1986,Madrid,Madrid,28011,700,02/01/2024,1537.7,700,154,170.1,0,578.7,105,264.00%,0.72%,9.81
2,172,Male,21/05/1988,Cártama,Málaga,29570,300,10/08/2023,693.3,300,66,72.9,0,282.3,45,264.00%,0.72%,0
1,172,Female,10/07/1987,Madrid,Madrid,28021,300,31/12/2023,546.3,300,53.46,72.9,12.54,135.3,45,264.00%,,244.46
2,173,Female,29/08/1974,Mataró,Barcelona,8302,300,10/08/2023,693.3,300,66,72.9,0,282.3,45,264.00%,0.72%,0
1,173,Male,29/08/1980,Zaragoza,Zaragoza,50012,900,02/01/2024,183500.53,900,79.2,218.7,0,726.9,129.43,264.00%,0.72%,241.28
2,174,Male,01/08/1997,Chozas de canales,Toledo,45960,300,10/08/2023,693.3,300,66,72.9,0,282.3,45,264.00%,0.72%,0
1,174,Female,23/09/1990,Guadalajara,Guadalajara,19002,300,07/01/2024,693.3,300,51,72.9,0,282.3,60,204.00%,0.56%,0
2,175,Female,10/10/1988,Vecindario,Las Palmas,35110,300,03/08/2023,693.3,300,66,72.9,0,282.3,45,264.00%,0.72%,0
1,175,Female,15/11/2001,Barcelona,Barcelona,8031,250,02/01/2024,564.56,250,55,60.75,0,245.25,14.31,264.00%,0.72%,317.1
2,176,Female,21/08/1973,Madrid,Madrid,28038,800,03/08/2023,1748.8,800,142.56,194.4,33.44,652.8,120,264.00%,0.72%,0
1,176,Male,29/01/1990,Palma de mallorca,Islas Baleares,7005,300,13/01/2024,680.25,300,52.95,72.9,0,282.3,45,264.00%,0.72%,10.99
2,177,Male,30/03/1983,Pinto,Madrid,28320,700,03/08/2023,1537.7,700,154,170.1,0,578.7,105,264.00%,0.72%,0
1,177,Male,19/01/1969,Álava,Álava,4700,300,09/01/2024,693.3,300,51,72.9,0,282.3,60,,0.56%,0
2,178,Male,13/10/1968,Zaragoza,Zaragoza,50013,300,03/08/2023,693.3,300,66,72.9,0,282.3,45,264.00%,0.72%,0
1,178,Male,21/12/1981,Aspe,Alicante,3680,500,02/01/2024,863.35,461.35,0,112.11,0,402,0,260.40%,0.71%,514.95
2,179,Female,12/08/1968,Barcelona,Barcelona,8011,500,04/08/2023,1115.5,500,110,121.5,0,430.5,75,264.00%,0.72%,0
1,179,Female,21/12/1978,Jerez de la frontera,Cádiz,11403,700,02/01/2024,1508.36,700,131.67,170.1,0,578.7,97.99,264.00%,0.72%,46.04
2,180,Male,07/04/1996,Andorra,Teruel,44500,300,04/08/2023,693.3,300,66,72.9,0,282.3,45,264.00%,0.72%,0
1,180,Male,05/10/1986,Gijon,Asturias,33201,800,13/01/2024,1642.13,800,41.06,194.4,12.27,652.8,136,239.98%,0.66%,0
2,181,Female,17/09/1984,Barcelona,Barcelona,8001,200,11/08/2023,294.62,147.31,0,35.8,0,147.31,0,264.00%,0.72%,148.63
1,181,Male,08/04/1992,Murcia,Murcia,30001,900,02/01/2024,1813.68,900,118.8,218.7,0,726.9,67.98,264.00%,0.72%,289.18
2,182,Female,03/04/1981,Barcelona,Barcelona,8012,300,04/08/2023,693.3,300,66,72.9,0,282.3,45,264.00%,0.72%,0
1,182,Male,18/10/1984,Benicàssim,Castellón,12560,500,02/01/2024,1040.14,500,99,121.5,0,430.5,10.64,264.00%,0.72%,965.64
2,183,Male,14/05/1984,Castilleja de la cuesta,Sevilla,41950,100,04/08/2023,237,100,22,24.3,0,100,15,264.00%,0.72%,0
1,183,Male,10/10/1990,Béjar,Salamanca,37700,300,02/01/2024,693.3,300,66,72.9,0,282.3,45,264.00%,0.72%,98.75
2,184,Male,18/01/1983,Lleida,Lérida,25001,300,01/08/2023,692.27,300,66,72.9,0,282.3,43.97,264.00%,0.72%,1.03
1,184,Female,18/03/1968,Calvi,Islas Baleares,7184,300,13/01/2024,693.3,300,51,72.9,0,282.3,60,204.00%,0.56%,0
2,185,Male,02/03/1985,Ourense,Orense,32915,500,31/07/2023,933.46,500,108.53,121.5,0,255,69.93,260.47%,0.71%,5.07
1,185,Female,03/02/1976,Palma de mallorca,Islas Baleares,7420,500,14/01/2024,1013.08,500,82.58,121.5,0,430.5,0,300.00%,,459.23
2,186,Male,17/04/1983,Madrid,Madrid,28035,500,03/08/2023,1115.5,500,81.95,121.5,28.05,430.5,75,264.00%,0.72%,0
1,186,Female,02/03/2000,Alhama de murcia,Murcia,30840,50,07/01/2024,116.31,50,5.66,12.15,0,50.65,10,203.76%,0.56%,0
2,187,Female,01/06/1990,Madrid,Huelva,21019,300,03/08/2023,693.3,300,66,72.9,0,282.3,45,264.00%,0.72%,0
1,187,Female,05/03/1972,Barcelona,Barcelona,8007,150,02/01/2024,325.37,150,25.37,36.45,0,150,0,264.00%,0.72%,35.32
2,188,Male,10/01/1997,Barcelona,Barcelona,8016,1000,03/08/2023,2171,1000,198,243,22,801,150,264.00%,0.72%,0
1,188,Female,18/04/1982,Barcelona,Barcelona,8004,300,10/01/2024,647.3,300,14,72.9,0,282.3,51,240.00%,0.66%,0
2,189,Male,01/05/1995,Madrid,Madrid,28050,300,03/08/2023,693.3,300,66,72.9,0,282.3,45,264.00%,0.72%,0
1,189,Male,01/04/1987,Terrassa,Barcelona,8222,300,06/01/2024,693.3,300,51,72.9,0,282.3,60,204.00%,0.56%,0
2,190,Female,28/08/1999,Málaga,Málaga,29620,50,03/08/2023,119.15,50,11,12.15,0,50.65,7.5,264.00%,0.72%,0
1,190,Female,26/06/2001,Sant quirze del valles,Barcelona,8192,520,02/01/2024,1134.23,520,90.91,126.36,0,445.32,78,245.38%,0.67%,4.78
2,191,Female,17/07/1996,Sevilla,Sevilla,41008,600,04/08/2023,1326.6,600,132,145.8,0,504.6,90,264.00%,0.72%,0
1,191,Female,30/06/1993,Málaga,Málaga,29640,500,03/01/2024,1088.83,500,73.33,121.5,0,430.5,85,239.99%,0.66%,0
2,192,Female,18/05/1994,Madrid,Madrid,28030,150,13/08/2023,345.44,150,23.43,36.45,0,150,22.01,264.00%,0.72%,50.37
1,192,Female,23/03/1991,Utrillas,Teruel,44760,600,05/01/2024,1326.6,600,102,145.8,18,504.6,102,240.00%,0.66%,0
2,193,Female,23/10/1994,Arona,Santa Cruz de Tenerife,38631,300,06/08/2023,672.34,300,66,72.9,0,282.3,24.04,264.00%,0.72%,73.46
1,193,Male,09/02/1974,Mollet del valles,Barcelona,8100,500,01/01/2024,1075.47,500,78.1,121.5,0,430.5,66.87,264.00%,0.72%,202.45
2,194,Male,04/11/1984,Burgos,Burgos,9240,300,04/08/2023,693.3,300,66,72.9,0,282.3,45,264.00%,0.72%,49.88
1,194,Male,08/08/1994,Madrid,Madrid,28028,770,31/12/2023,1647.33,770,115.86,187.11,0,630.57,130.9,225.70%,0.62%,0
2,195,Female,07/07/1984,Palma de mallorca,Islas Baleares,7011,600,03/08/2023,1326.6,600,132,145.8,0,504.6,90,264.00%,0.72%,67.8
1,195,Male,29/06/1968,Lorca,Murcia,30800,500,02/01/2024,1100.35,500,95,121.5,0,430.5,74.85,240.00%,0.66%,15.16
2,196,Female,20/02/1987,Castalla,Alicante,3420,300,12/08/2023,668.24,300,63.06,72.9,0,282.3,22.88,252.24%,0.69%,96.42
1,196,Male,12/08/1994,Madrid,Madrid,28016,100,02/01/2024,228.41,100,22,24.3,0,100,6.41,264.00%,0.72%,31.36
2,197,Male,07/08/1985,Vigo,Pontevedra,36206,100,18/07/2023,162.41,48.1,22,11.69,0,77.31,15,264.00%,0.72%,11.29
1,197,MaleX,18/05/1982,Madrid madrid,Madrid,28020,50,03/01/2024,96.89,48.13,0,11.7,0,48.76,0,264.00%,0.72%,43.03
2,198,Male,03/11/1982,Ourense,Orense,32005,900,07/08/2023,1922.28,900,160.38,218.7,0,726.9,135,264.00%,0.72%,44.3
1,198,Male,21/07/1977,Marbella,Málaga,29604,600,02/01/2024,1281.7,600,123.2,145.8,0,504.6,53.9,246.40%,0.68%,450.78
2,199,Male,25/10/1992,Turis,Valencia,46389,300,15/08/2023,693.3,300,66,72.9,0,282.3,45,264.00%,0.72%,84.24
1,199,Male,24/11/1977,Baena,Córdoba,14850,300,01/01/2024,693.3,300,51,72.9,0,282.3,60,204.00%,0.56%,0
2,200,Female,17/05/1972,Estella,Navarra,31200,300,15/08/2023,655.77,300,66,72.9,0,282.3,7.47,264.00%,0.72%,117
1,200,Male,29/07/1978,Terrassa,Barcelona,8223,500,08/01/2024,430.84,215.42,0,52.35,0,215.42,0,237.60%,0.65%,670.85
2,201,Male,20/01/1981,Elx,Alicante,3202,300,14/08/2023,693.3,300,66,72.9,0,282.3,45,264.00%,0.72%,111.15
1,201,Male,01/11/1994,Ponferrada,León,24402,500,03/01/2024,829.8,442.05,0,107.42,0,387.75,0,264.00%,0.72%,375.77
2,202,Male,08/03/1992,Aranda de duero,Burgos,9400,300,10/08/2023,693.3,300,66,72.9,0,282.3,45,264.00%,0.72%,84.24
1,202,Male,14/08/1991,Leon,León,24600,300,11/01/2024,693.3,300,51,72.9,0,282.3,60,204.00%,0.56%,0
2,203,Female,16/10/1988,Vic,Barcelona,8500,100,12/08/2023,237,100,22,24.3,0,100,15,264.00%,0.72%,22.23
1,203,Male,10/06/1976,Borox,Toledo,45222,500,11/01/2024,1115.5,500,100,121.5,0,430.5,85,,0.66%,0
2,204,Female,25/11/1972,Arroyomolinos,Madrid,28923,300,11/08/2023,693.3,300,66,72.9,0,282.3,45,264.00%,0.72%,117
1,204,Female,14/04/1980,Madrid,Madrid,28019,500,02/01/2024,1077.6,500,102.36,121.5,0,430.5,44.74,289.01%,0.79%,815.97
2,205,Male,13/10/1981,Valladolid,Valladolid,47012,300,11/08/2023,678,300,33,72.9,33,267,45,264.00%,0.72%,84.24
1,205,Male,09/12/1977,Tossa de mar,Gerona,17320,300,04/01/2024,693.3,300,51,72.9,0,282.3,60,204.00%,0.56%,0
2,206,Male,19/08/1977,Madrid,Madrid,28001,300,12/08/2023,693.3,300,66,72.9,0,282.3,45,264.00%,0.72%,50
1,206,Male,24/06/1978,Alcalá de henares,Madrid,28804,300,14/01/2024,662.7,300,20.4,72.9,0,282.3,60,204.00%,0.56%,0
2,207,Female,23/07/1966,Madrid,Madrid,28028,900,12/08/2023,1959.9,900,198,218.7,0,726.9,135,264.00%,0.72%,217.86
1,207,Female,30/05/1989,San lorenzo de el escorial,Madrid,28200,500,03/01/2024,1115.5,500,90,121.5,10,430.5,85,240.00%,0.66%,0
2,208,Male,18/05/1982,L'hospitalet de llobregat,Barcelona,8906,300,12/08/2023,693.3,300,66,72.9,0,282.3,45,264.00%,0.72%,84.24
1,208,Male,22/09/1989,El prat de llobregat,Barcelona,8820,500,02/01/2024,970555.57,500,40.07,121.5,0,430.5,0,249.00%,,655.6
2,209,Female,11/01/1998,Laredo,Cantabria,39770,690,09/08/2023,1480.79,690,93.96,167.67,22.04,571.29,103.5,232.78%,0.64%,153.39
1,209,Male,15/10/1983,Arganda del rey,Madrid,28500,300,06/01/2024,693.3,300,51,72.9,0,282.3,60,204.00%,0.56%,0
2,210,Female,20/07/1994,Leon,León,24008,500,13/08/2023,929.4,499.47,0,121.37,0,429.93,0,232.32%,0.64%,328.55
1,210,Female,05/05/1980,Los alcazares,Murcia,30710,300,12/01/2024,693.3,300,51,72.9,0,282.3,60,204.00%,0.56%,0
1,211,Female,09/11/1979,Jerez de la frontera,Cádiz,11408,700,12/01/2024,1537.7,700,140,170.1,0,578.7,119,240.00%,0.66%,0
2,211,Female,19/07/1988,La rinconada,Sevilla,41309,300,,654.31,300,66,72.9,0,282.3,6.01,264.00%,0.72%,91.49
1,212,Male,06/09/1999,Valencia,Valencia,46018,250,03/01/2024,582.51,250,55,60.75,0,245.25,32.26,264.00%,0.72%,101.76
2,212,Male,20/12/1997,Bormujos,Sevilla,41930,100,,91.61,45.51,0,11.06,0,46.1,0,264.00%,0.72%,111.77
1,213,Male,09/01/1979,Oruña de pielagos,Cantabria,39477,300,06/01/2024,693.3,300,51,72.9,0,282.3,60,204.00%,0.56%,0
2,213,Male,23/06/1993,Lleida,Lérida,25001,700,,1128.14,604.72,0,146.95,15.4,508.02,0,264.00%,0.72%,508.55
1,214,Female,30/06/1975,Madrid,Madrid,28938,100,10/01/2024,228.5,100,8.5,24.3,0,100,20,204.00%,0.56%,0
2,214,Male,29/10/1976,Valencia,Valencia,46013,1000,,2057.95,1000,188.1,243,31.9,801,36.95,264.00%,0.72%,456.77
1,215,Female,13/03/1987,Marça,Tarragona,43775,300,12/01/2024,693.3,300,51,72.9,0,282.3,60,204.00%,0.56%,0
2,215,Male,12/02/1999,Huesca,Huesca,22001,700,,1537.7,700,154,170.1,0,578.7,105,264.00%,0.72%,4.79
1,216,Male,30/10/1990,La coruña,La Coruña,15005,300,02/01/2024,640.2,300,57.9,72.9,0,282.3,0,240.00%,0.66%,215.86
2,216,Male,02/03/1979,Vitoria gasteiz,Álava,1002,300,,693.3,300,66,72.9,0,282.3,45,264.00%,0.72%,84.24
1,217,Female,01/10/2000,Beas,Huelva,21630,750,12/01/2024,624.98,324.44,0,78.84,0,300.54,0,240.00%,0.66%,779.09
2,217,Female,14/10/1957,Santa coloma de farners,Gerona,17430,700,,1537.7,700,138.6,170.1,15.4,578.7,105,264.00%,0.72%,196.56
1,218,MaleX,08/08/1994,Murcia,Murcia,30169,500,01/01/2024,1115.5,500,100,121.5,0,430.5,85,240.00%,0.66%,0
2,218,Female,26/12/1981,Sagunto,Valencia,46520,350,,754.3,350,72.96,85.05,0,319.35,11.99,250.15%,0.69%,84.63
1,219,Male,17/09/1970,Vitoria,Álava,1006,500,02/01/2024,1050.6,500,91.3,121.5,0,430.5,28.8,264.00%,0.72%,81.2
2,219,Female,22/04/1987,Madrid,Madrid,28035,600,,1326.6,600,112.86,145.8,19.14,504.6,90,264.00%,0.72%,180
1,220,Male,10/08/1979,Fuengirola,Málaga,29640,300,02/01/2024,653.7,300,26.4,72.9,0,282.3,45,264.00%,0.72%,27.01
2,220,Male,26/09/1968,Madrid,Madrid,28053,500,,1015.5,500,53.1,121.5,31.9,430.5,0,264.00%,0.72%,200
2,221,Male,09/10/1979,Madrid,Madrid,28011,300,04/08/2023,693.3,300,66,72.9,0,282.3,45,264.00%,0.72%,84.24
1,221,Male,10/09/1989,Valencia,Valencia,46015,300,09/01/2024,693.3,300,66,72.9,0,282.3,45,264.00%,0.72%,175.5
2,222,Male,01/10/1986,Santianes -olloniego-,Asturias,33660,1000,06/08/2023,1951.27,1000,150.27,243,0,801,0,264.00%,0.72%,542.47
1,222,Female,25/01/1988,Calonge,Gerona,17251,600,31/12/2023,1307.36,600,112.86,145.8,0,504.6,89.9,264.00%,0.72%,68.42
2,223,Male,11/09/2001,Aspe,Alicante,3680,100,10/08/2023,237,100,22,24.3,0,100,15,264.00%,0.72%,69.25
1,223,Male,11/12/1994,Valencia,Valencia,46022,600,02/01/2024,1326.6,600,132,145.8,0,504.6,90,264.00%,0.72%,3.32
2,224,Female,09/05/1991,Espartinas,Sevilla,41807,250,12/08/2023,219.48,109.74,0,26.67,0,109.74,0,264.00%,0.72%,263.55
1,224,Male,21/03/1993,Valladolid,Valladolid,47007,600,03/01/2024,1326.6,600,108,145.8,12,504.6,102,240.00%,0.66%,0
2,225,Male,04/03/1996,Manacor,Islas Baleares,7687,310,04/08/2023,714.41,310,68.2,75.33,0,289.71,46.5,264.00%,0.72%,40.12
1,225,Female,03/01/1957,Granada,Granada,18013,500,02/01/2024,1023.71,500,81.4,121.5,0,430.5,11.81,264.00%,0.72%,170.19
2,226,Female,10/02/1993,Dodro,La Coruña,15916,1000,16/08/2023,2101.29,1000,178.2,243,0,801,122.09,264.00%,0.72%,137.51
1,226,Female,09/06/1975,Guadalajara,Guadalajara,19005,300,08/01/2024,693.3,300,51,72.9,0,282.3,60,204.00%,0.56%,0
2,227,Male,27/02/1965,Madrid,Madrid,28850,100,11/08/2023,237,100,22,24.3,0,100,15,264.00%,0.72%,16.38
1,227,Male,21/03/1992,Veraplaya,Almería,4621,300,31/12/2023,693.3,300,66,72.9,0,282.3,45,264.00%,0.72%,9.82
2,228,Female,25/04/1976,Marchamalo,Guadalajara,19180,1000,03/08/2023,2147.12,1000,220,243,0,801,126.12,264.00%,0.72%,27.34
1,228,Male,09/05/1982,Fuenlabrada,Madrid,28945,700,01/01/2024,1417.18,700,101.64,170.1,0,587.8,27.74,264.00%,0.72%,238.37
2,229,Female,22/01/1979,Uga,Las Palmas,35570,200,11/08/2023,465.64,200,35.64,48.6,0,200,30,264.00%,0.72%,115.6
1,229,Female,13/09/1978,Santa perpetua de mogoda,Barcelona,8130,500,03/01/2024,1115.5,500,110,121.5,0,430.5,75,264.00%,0.72%,183.17
2,230,Male,05/06/1976,Vilassar de mar,Barcelona,8340,300,06/08/2023,686.16,300,66,72.9,0,282.3,37.86,264.00%,0.72%,165.31
1,230,Male,04/08/1973,San roque,Cádiz,11313,1000,01/01/2024,2143.8,1000,172.8,243,0,801,170,230.40%,0.63%,3.64
2,231,Male,29/10/1975,Carmona,Sevilla,41410,300,08/08/2023,660.3,300,33,72.9,0,282.3,45,264.00%,0.72%,122.42
1,231,Male,25/04/1977,Almería,Almería,4006,300,02/01/2024,645.5,300,49.17,72.9,0,282.3,14.03,,0.72%,117.85
2,232,Male,19/10/1973,Oviedo,Asturias,33012,600,03/08/2023,1309,600,114.4,145.8,0,504.6,90,228.80%,0.63%,236.01
1,232,Male,01/07/1975,Villacorza  siguenza,Guadalajara,19269,300,04/01/2024,682.08,300,54.78,72.9,0,282.3,45,264.00%,0.72%,10.53
2,233,Male,06/03/1969,Burjassot,Valencia,46100,100,05/08/2023,234.54,100,16.06,24.3,0,105.2,13.28,264.00%,0.72%,39.5
1,233,Female,05/05/1974,San fernando de henares,Madrid,28830,300,01/01/2024,662.09,300,66,72.9,0,285.82,10.27,264.00%,0.72%,232.73
2,234,Female,20/03/1974,Torrevieja,Alicante,3181,600,05/08/2023,1285.68,600,91.08,145.8,0,504.6,90,264.00%,0.72%,199.94
1,234,Male,06/03/1970,La pobla de farnals,Valencia,46139,350,02/01/2024,710.52,350,41.17,85.05,0,319.35,0,242.64%,0.66%,264.63
2,235,Male,16/08/1990,Getafe,Madrid,28903,500,10/08/2023,1082.5,500,77,121.5,0,430.5,75,264.00%,0.72%,114.41
1,235,Female,22/07/1982,Premia de mar,Barcelona,8330,1000,12/01/2024,2107.2,1000,156.2,243,0,801,150,264.00%,0.72%,145.45
2,236,Female,03/12/1994,Valladolid,Valladolid,47007,750,09/08/2023,1609.15,750,130.9,182.25,0,615.75,112.5,209.44%,0.57%,585
1,236,Female,27/11/1965,Cádiz,Cádiz,11591,300,03/01/2024,693.3,300,66,72.9,0,282.3,45,264.00%,0.72%,106.69
2,237,Male,22/05/1982,Vallmoll,Tarragona,43144,250,15/08/2023,424.3,212.15,0,51.55,0,212.15,0,264.00%,0.72%,271.4
1,237,Male,17/11/1969,Córdoba,Córdoba,14004,500,12/01/2024,1092.76,500,99,121.5,0,430.5,63.26,264.00%,,260.39
2,238,Male,10/06/1956,El molar,Madrid,28710,300,11/08/2023,614.91,300,32.61,72.9,0,282.3,0,264.00%,0.72%,279.63
1,238,Male,05/03/1973,Albacete,Albacete,2005,250,03/01/2024,582.25,250,49.5,60.75,0,245.25,37.5,237.60%,0.65%,166.54
2,239,Male,29/04/1994,Barcelona,Barcelona,8020,300,10/08/2023,693.3,300,66,72.9,0,282.3,45,264.00%,0.72%,49
1,239,Female,07/06/1977,Avila,Ávila,5004,300,02/01/2024,691.25,300,66,72.9,0,282.3,42.95,264.00%,0.72%,191.68
2,240,Female,27/09/1977,Barcelona demestre8,Barcelona,8017,600,12/08/2023,1282.81,600,132,145.8,0,504.6,46.21,264.00%,0.72%,285.1
1,240,Male,08/12/1999,Sant antoni de portmany,Islas Baleares,7820,300,03/01/2024,662.44,300,66,72.9,0,282.3,14.14,264.00%,0.72%,219.98
2,241,Male,02/11/1982,Vitoria-gasteiz,Álava,1012,600,04/08/2023,1323.28,600,99,145.8,29.68,504.6,90,264.00%,0.72%,301.86
1,241,Male,29/05/1983,Vilanova del cami,Barcelona,8788,300,02/01/2024,611.71,300,29.41,72.9,0,282.3,0,264.00%,0.72%,780.56
2,242,Male,14/09/1988,Zaragoza,Zaragoza,50190,500,04/08/2023,1080.87,500,77,121.5,0,430.5,73.37,264.00%,0.72%,262.93
1,242,Male,27/02/1978,Silla,Valencia,46460,300,01/01/2024,687.3,300,75,72.9,0,282.3,30,,0.82%,1062.75
2,243,Female,14/03/1990,Montornes,Barcelona,8170,700,05/08/2023,1537.7,700,154,170.1,0,578.7,105,264.00%,0.72%,114.66
1,243,Female,14/07/1985,Madrid,Madrid,28039,600,13/01/2024,1313.4,600,118.8,145.8,0,504.6,90,264.00%,0.72%,321.82
2,244,Female,24/02/1984,Valencia,Valencia,46023,1000,11/08/2023,2133.72,1000,220,243,0,801,112.72,264.00%,0.72%,698.56
1,244,Female,09/02/1993,Málaga,Málaga,29006,500,02/01/2024,834.43,444.97,0,108.13,0,389.46,0,264.00%,0.72%,372.24
2,245,Male,26/02/1998,Calella,Barcelona,8370,120,04/08/2023,170.4,85.2,0,20.7,0,85.2,0,264.00%,0.72%,98.72
1,245,Male,22/05/1974,Madrid,Madrid,28034,1000,02/01/2024,2033.4,1000,220,243,0,801,12.4,264.00%,0.72%,421.6
2,246,Male,07/01/1978,Malaga,Málaga,29014,500,10/08/2023,1104.5,500,99,121.5,0,430.5,75,264.00%,0.72%,31.74
1,246,Female,03/10/1984,Azuqueca de henares,Guadalajara,19200,260,02/01/2024,268.38,134.19,0,32.61,0,134.19,0,249.78%,0.68%,259.53
2,247,Female,28/12/1962,Aranjuez,Madrid,28300,700,03/08/2023,1170.44,611.6,0,148.62,45.69,513.15,0,261.07%,0.72%,540
1,247,Male,27/01/1989,Santiago de compostela,La Coruña,15703,100,02/01/2024,237,100,22,24.3,0,100,15,264.00%,0.72%,42.87
2,248,Male,07/01/1994,Barcelona,Barcelona,8009,600,16/08/2023,996.28,537.85,0,130.7,0,458.43,0,264.00%,0.72%,535.74
1,248,Female,20/11/1978,La rinconada,Sevilla,41309,300,13/01/2024,693.3,300,66,72.9,0,282.3,45,264.00%,0.72%,139.03
1,249,Male,27/06/1977,Barcelona,Barcelona,8028,600,11/01/2024,1242.9,600,105.6,145.8,0,504.6,32.7,264.00%,0.72%,410.47
2,249,Male,08/12/1976,Valencia,Valencia,46024,700,,1481.41,700,97.71,170.1,0,578.7,105,257.71%,0.71%,363.09
2,250,Male,01/07/1987,Barcelona,Barcelona,8016,200,04/08/2023,474,200,44,48.6,0,200,30,264.00%,0.72%,156
1,250,MaleX,04/08/1997,Móstoles,Madrid,28934,900,02/01/2024,1787.89,900,160.99,218.7,0,726.9,0,300.00%,0.82%,586.9
2,251,Male,21/12/1993,Mataró,Barcelona,8304,350,03/08/2023,796.06,350,76.63,85.05,0,319.35,50.08,262.73%,0.72%,21.02
2,252,Female,21/11/1983,Barcelona,Barcelona,8018,1000,12/08/2023,1513.6,815.83,0,198.25,33,664.77,0,264.00%,0.72%,1392.57
2,253,Male,27/11/1991,Las palmas de gran canaria,Las Palmas,35013,160,13/08/2023,377.56,160,35.2,38.88,0,160,22.36,264.00%,0.72%,79.02
2,254,Female,24/04/1990,Madrid,Madrid,28022,1000,03/08/2023,2012.49,1000,132,243,0,801,79.49,264.00%,0.72%,173.07
2,255,Male,06/06/1964,Albatarrec,Lérida,25171,250,06/08/2023,587.7,250,55,60.75,0,245.25,37.45,264.00%,0.72%,138.5
2,256,Male,04/11/1974,Reus,Tarragona,43205,600,07/08/2023,1125.61,600,21.01,145.8,0,504.6,0,146.66%,0.40%,425.94
2,257,Male,26/02/1988,Barbera del valles,Barcelona,8210,50,12/08/2023,80.48,39.98,0,9.72,0,40.5,0,264.00%,0.72%,46.92
2,258,Male,08/03/1987,Baena,Córdoba,14850,1000,10/08/2023,1695.27,939.3,0,228.25,0,755.97,0,264.00%,0.72%,1046.06
2,259,Male,03/06/1976,Parla,Madrid,28981,300,,687.3,300,60,72.9,0,282.3,45,240.00%,0.66%,49
2,260,Female,12/11/2000,Campo de criptana,Ciudad Real,13610,200,09/08/2023,468.82,200,40,48.6,0,198.82,30,240.00%,0.66%,49.08
2,261,Female,30/12/1953,Madrid,Madrid,28041,600,13/08/2023,1250.45,600,124.67,145.8,0,504.6,21.18,249.34%,0.68%,600
2,262,Female,06/02/1976,Palma de mallorca,Islas Baleares,7120,300,10/08/2023,656.6,300,66,72.9,0,282.3,8.3,264.00%,0.72%,269.45
2,263,Female,02/01/1990,Galapagar,Madrid,28260,50,12/08/2023,43.24,21.48,0,5.22,0,21.76,0,264.00%,0.72%,55.63
2,264,Female,07/11/1977,Asturias,Asturias,33770,300,07/08/2023,687.3,300,60,72.9,0,282.3,45,240.00%,0.66%,49
2,265,Male,22/02/1983,Franco,Burgos,9215,300,12/08/2023,253.6,126.8,0,30.81,0,126.8,0,240.00%,0.66%,327.91
2,266,Male,10/06/1996,Zaragoza,Zaragoza,50018,150,11/08/2023,333.28,150,20,36.45,0,150,13.28,240.00%,0.66%,42.06
2,267,Female,18/03/1981,Getafe,Madrid,28907,300,09/08/2023,671.1,300,43.8,72.9,0,282.3,45,240.00%,0.66%,10
2,268,Female,23/06/1982,Barcelona,Barcelona,8918,300,12/08/2023,449.66,224.83,0,54.63,0,224.83,0,240.00%,0.66%,253
2,269,Female,02/12/1993,Montblanc,Tarragona,43400,310,04/08/2023,258.6,129.3,0,31.42,0,129.3,0,264.00%,0.72%,392.27
2,270,Male,09/12/1982,Bedmar,Jaén,23537,1000,04/08/2023,2151.5,1000,220,243,0,801,130.5,264.00%,0.72%,795.6
2,271,Female,03/02/1991,Jijona,Alicante,3100,300,03/08/2023,693.3,300,66,72.9,0,282.3,45,264.00%,0.72%,221.13
2,272,Male,16/03/1982,Elche,Alicante,3205,200,07/08/2023,249.68,124.84,0,30.34,0,124.84,0,240.00%,0.66%,261.17
2,273,Female,19/07/1978,Xirivella,Valencia,46950,350,03/08/2023,686.78,350,17.43,85.05,0,319.35,0,264.03%,0.72%,149.59
2,274,Male,19/04/1975,Puertollano,Ciudad Real,13500,700,05/08/2023,1491.5,700,107.8,170.1,0,578.7,105,264.00%,0.72%,226.59
2,275,Female,15/07/1979,Fraga,Huesca,22520,300,07/08/2023,541.13,276.5,0,67.19,0,264.63,0,264.00%,0.72%,272.5
2,276,Female,23/06/1980,Pego,Alicante,3780,250,09/08/2023,576.75,250,44,60.75,0,245.25,37.5,264.00%,0.72%,122.73
2,277,Male,11/07/1989,Zaragoza,Zaragoza,50007,300,10/08/2023,620.92,300,38.62,72.9,0,282.3,0,240.00%,0.66%,245.13
2,278,Female,15/11/1980,Barcelona,Barcelona,8027,300,,687.3,300,60,72.9,0,282.3,45,240.00%,0.66%,95.8
2,279,Male,10/07/1987,Madrid,Madrid,28032,300,,664.7,300,60,72.9,0,282.3,22.4,240.00%,0.66%,55
2,280,Male,0,Madrid,Madrid,28020,850,,1623.36,850,83.51,206.55,0,689.85,0,233.97%,0.64%,828.19
2,281,Female,22/11/1962,Fuenlabrada,Madrid,28942,300,,438.24,219.12,0,53.25,0,219.12,0,240.00%,0.66%,266.25
2,282,Female,29/10/1989,Ceuta,Ceuta,51002,300,,615.96,300,33.66,72.9,0,282.3,0,300.00%,0.82%,265.31
2,283,Male,01/05/1983,Moron de la frontera,Sevilla,41530,300,,659.66,300,75,72.9,0,282.3,2.36,300.00%,0.82%,106.42
2,284,Male,26/09/1980,Zaragoza,Zaragoza,50018,300,,677.95,300,60,72.9,0,282.3,35.65,240.00%,0.66%,294.83
2,285,Male,24/03/1979,Barcelona,Barcelona,8013,230,,387.68,193.84,0,47.1,0,193.84,0,264.00%,0.72%,339.72
2,286,Male,30/07/1978,Huetor tajar,Granada,18360,600,,1186.11,600,63,145.8,0,504.6,18.51,300.00%,0.82%,213.03
2,287,Female,23/09/1980,Sant andreu de la barca,Barcelona,8761,200,31/07/2023,400.2,192,0,46.66,0,208.2,0,300.00%,0.82%,447.58
2,288,Male,24/11/1986,Almoradí,Alicante,3160,300,08/08/2023,489.6,246.63,0,59.93,0,242.97,0,300.00%,0.82%,210.8
2,289,Male,23/08/1981,La guancha,Santa Cruz de Tenerife,38440,600,10/08/2023,1206.5,600,101.9,145.8,0,504.6,0,300.00%,0.82%,706.3
2,290,Male,13/08/1959,Madrid,Madrid,28028,700,10/08/2023,1380.65,700,101.95,170.1,0,578.7,0,300.00%,0.82%,611.07
2,291,Female,30/10/1990,Barcelona,Barcelona,8014,500,08/08/2023,501.8,253.7,0,61.65,0,248.1,0,300.00%,0.82%,445.96
2,292,Male,15/03/1983,Valdeavero,Madrid,28816,300,05/08/2023,576.6,300,75,72.9,0,171.6,30,300.00%,0.82%,22.34
2,293,Female,11/01/1987,Bolaños de calatrava,Ciudad Real,13260,240,09/08/2023,542.33,240,45,58.32,15,225,17.33,300.00%,0.82%,453.02
2,294,Female,04/06/1979,Calasparra,Murcia,30420,300,11/08/2023,192.46,96.23,0,23.38,0,96.23,0,300.00%,0.82%,556.01
2,295,Female,05/02/1969,Castellon de la plana/castello de la plana,Castellón,12005,300,05/08/2023,448.92,300,74.46,72.9,0,74.46,0,300.00%,0.82%,936.78
2,296,Female,15/08/1980,Madrid,Madrid,28942,250,05/08/2023,415.88,207.94,0,50.53,0,207.94,0,300.00%,0.82%,561.3
2,297,Female,21/10/1985,Abaran,Murcia,30550,100,04/08/2023,177.45,87.34,2.77,21.22,0,87.34,0,272.16%,0.75%,210.25
2,298,Female,23/04/1960,Caldas de montbuy,Barcelona,8140,300,09/08/2023,687.3,300,75,72.9,0,282.3,30,300.00%,0.82%,244.8
2,299,Male,07/08/1983,Pozuelo de alarcon,Madrid,28223,500,10/08/2023,1027.03,500,85,121.5,0,427.93,14.1,300.00%,0.82%,550.89
2,300,Female,26/06/1992,Majadahonda,Madrid,28220,420,06/08/2023,933.31,420,105,102.06,0,371.22,37.09,300.00%,0.82%,285.07
